,State,Date,Initial_claims,Rate_insured_unemp
1768,Alaska,2020-01-04,1371,2.64
1769,Alaska,2020-01-11,1181,2.75
1770,Alaska,2020-01-18,1003,2.83
1771,Alaska,2020-01-25,1122,2.91
1772,Alaska,2020-02-01,980,2.96
1773,Alaska,2020-02-08,915,3.01
1774,Alaska,2020-02-15,773,3.02
1775,Alaska,2020-02-22,874,3.04
1776,Alaska,2020-02-29,815,3.0
1777,Alaska,2020-03-07,1120,3.0
1778,Alaska,2020-03-14,7847,2.97
1779,Alaska,2020-03-21,13774,3.03
1780,Alaska,2020-03-28,14590,3.27
1781,Alaska,2020-04-04,12007,3.92
1782,Alaska,2020-04-11,12201,4.87
1783,Alaska,2020-04-18,10313,5.93
1784,Alaska,2020-04-25,8718,6.94
1785,Alaska,2020-05-02,7807,7.97
1786,Alaska,2020-05-09,7741,8.99
1787,Alaska,2020-05-16,8152,9.97
1788,Alaska,2020-05-23,7452,10.93
1789,Alaska,2020-05-30,7081,11.9
1790,Alaska,2020-06-06,6797,12.83
1791,Alaska,2020-06-13,6757,13.72
1792,Alaska,2020-06-20,6467,14.52
1793,Alaska,2020-06-27,6124,15.08
1794,Alaska,2020-07-04,9572,15.25
1795,Alaska,2020-07-11,6606,15.09
1796,Alaska,2020-07-18,6069,14.8
1797,Alaska,2020-07-25,5195,14.53
3567,Alabama,2020-01-04,3629,0.8
3568,Alabama,2020-01-11,2483,0.81
3569,Alabama,2020-01-18,2129,0.83
3570,Alabama,2020-01-25,2170,0.84
3571,Alabama,2020-02-01,2176,0.85
3572,Alabama,2020-02-08,1981,0.86
3573,Alabama,2020-02-15,1735,0.87
3574,Alabama,2020-02-22,1575,0.87
3575,Alabama,2020-02-29,1663,0.87
3576,Alabama,2020-03-07,1819,0.87
3577,Alabama,2020-03-14,10892,0.86
3578,Alabama,2020-03-21,80984,0.87
3579,Alabama,2020-03-28,106739,1.0
3580,Alabama,2020-04-04,77515,1.29
3581,Alabama,2020-04-11,66432,1.8
3582,Alabama,2020-04-18,74966,2.42
3583,Alabama,2020-04-25,28985,3.21
3584,Alabama,2020-05-02,26666,4.01
3585,Alabama,2020-05-09,25150,4.75
3586,Alabama,2020-05-16,27919,5.44
3587,Alabama,2020-05-23,21335,6.11
3588,Alabama,2020-05-30,19949,6.77
3589,Alabama,2020-06-06,18367,7.37
3590,Alabama,2020-06-13,18671,7.91
3591,Alabama,2020-06-20,18338,8.41
3592,Alabama,2020-06-27,19056,8.75
3593,Alabama,2020-07-04,20563,8.81
3594,Alabama,2020-07-11,23676,8.66
3595,Alabama,2020-07-18,17437,8.34
3596,Alabama,2020-07-25,11690,7.82
5366,Arkansas,2020-01-04,2493,0.96
5367,Arkansas,2020-01-11,1729,0.98
5368,Arkansas,2020-01-18,1683,1.0
5369,Arkansas,2020-01-25,1837,1.02
5370,Arkansas,2020-02-01,1724,1.03
5371,Arkansas,2020-02-08,1602,1.05
5372,Arkansas,2020-02-15,1055,1.06
5373,Arkansas,2020-02-22,1418,1.08
5374,Arkansas,2020-02-29,1843,1.07
5375,Arkansas,2020-03-07,1382,1.07
5376,Arkansas,2020-03-14,9275,1.07
5377,Arkansas,2020-03-21,27742,1.09
5378,Arkansas,2020-03-28,62049,1.23
5379,Arkansas,2020-04-04,35604,1.56
5380,Arkansas,2020-04-11,25376,2.06
5381,Arkansas,2020-04-18,17645,2.68
5382,Arkansas,2020-04-25,13311,3.36
5383,Arkansas,2020-05-02,12964,4.07
5384,Arkansas,2020-05-09,11097,4.77
5385,Arkansas,2020-05-16,10647,5.46
5386,Arkansas,2020-05-23,8364,6.13
5387,Arkansas,2020-05-30,9605,6.79
5388,Arkansas,2020-06-06,9324,7.45
5389,Arkansas,2020-06-13,9561,8.1
5390,Arkansas,2020-06-20,10330,8.7
5391,Arkansas,2020-06-27,10760,9.13
5392,Arkansas,2020-07-04,14106,9.33
5393,Arkansas,2020-07-11,15909,9.39
5394,Arkansas,2020-07-18,15228,9.29
5395,Arkansas,2020-07-25,12720,9.04
7165,Arizona,2020-01-04,4650,0.66
7166,Arizona,2020-01-11,4151,0.65
7167,Arizona,2020-01-18,3470,0.65
7168,Arizona,2020-01-25,3796,0.64
7169,Arizona,2020-02-01,3635,0.63
7170,Arizona,2020-02-08,3536,0.63
7171,Arizona,2020-02-15,3149,0.63
7172,Arizona,2020-02-22,3085,0.63
7173,Arizona,2020-02-29,3356,0.63
7174,Arizona,2020-03-07,3844,0.63
7175,Arizona,2020-03-14,29337,0.63
7176,Arizona,2020-03-21,88688,0.65
7177,Arizona,2020-03-28,132382,0.77
7178,Arizona,2020-04-04,98495,1.05
7179,Arizona,2020-04-11,72433,1.44
7180,Arizona,2020-04-18,52529,1.92
7181,Arizona,2020-04-25,42955,2.45
7182,Arizona,2020-05-02,31032,3.01
7183,Arizona,2020-05-09,31933,3.57
7184,Arizona,2020-05-16,26847,4.11
7185,Arizona,2020-05-23,21979,4.61
7186,Arizona,2020-05-30,24336,5.13
7187,Arizona,2020-06-06,22406,5.64
7188,Arizona,2020-06-13,25853,6.17
7189,Arizona,2020-06-20,26297,6.67
7190,Arizona,2020-06-27,25745,7.08
7191,Arizona,2020-07-04,28669,7.31
7192,Arizona,2020-07-11,21429,7.46
7193,Arizona,2020-07-18,19032,7.55
7194,Arizona,2020-07-25,15539,7.59
8960,California,2020-01-04,51896,1.74
8961,California,2020-01-11,64768,1.79
8962,California,2020-01-18,45518,1.81
8963,California,2020-01-25,43336,1.87
8964,California,2020-02-01,40300,1.9
8965,California,2020-02-08,43382,1.95
8966,California,2020-02-15,34937,1.97
8967,California,2020-02-22,41621,2.02
8968,California,2020-02-29,43318,2.04
8969,California,2020-03-07,57552,2.06
8970,California,2020-03-14,186262,2.1
8971,California,2020-03-21,1058221,2.14
8972,California,2020-03-28,918530,2.46
8973,California,2020-04-04,654990,2.93
8974,California,2020-04-11,527905,3.84
8975,California,2020-04-18,325075,4.53
8976,California,2020-04-25,315893,6.49
8977,California,2020-05-02,211945,7.6
8978,California,2020-05-09,243749,9.01
8979,California,2020-05-16,202728,9.81
8980,California,2020-05-23,228067,10.87
8981,California,2020-05-30,255234,11.95
8982,California,2020-06-06,240665,13.13
8983,California,2020-06-13,283622,14.17
8984,California,2020-06-20,276649,15.28
8985,California,2020-06-27,263995,16.03
8986,California,2020-07-04,284218,16.64
8987,California,2020-07-11,288995,16.76
8988,California,2020-07-18,244105,17.32
8989,California,2020-07-25,221424,16.43
10779,Colorado,2020-01-04,3001,0.69
10780,Colorado,2020-01-11,2522,0.7
10781,Colorado,2020-01-18,2164,0.72
10782,Colorado,2020-01-25,2041,0.74
10783,Colorado,2020-02-01,2472,0.76
10784,Colorado,2020-02-08,2209,0.77
10785,Colorado,2020-02-15,1862,0.78
10786,Colorado,2020-02-22,1679,0.8
10787,Colorado,2020-02-29,1865,0.81
10788,Colorado,2020-03-07,2321,0.81
10789,Colorado,2020-03-14,19745,0.82
10790,Colorado,2020-03-21,61583,0.82
10791,Colorado,2020-03-28,46065,0.98
10792,Colorado,2020-04-04,104217,1.39
10793,Colorado,2020-04-11,67334,1.82
10794,Colorado,2020-04-18,38384,2.42
10795,Colorado,2020-04-25,28164,3.01
10796,Colorado,2020-05-02,22483,3.7
10797,Colorado,2020-05-09,17825,4.35
10798,Colorado,2020-05-16,15603,5.05
10799,Colorado,2020-05-23,12149,5.69
10800,Colorado,2020-05-30,12941,6.39
10801,Colorado,2020-06-06,10270,7.03
10802,Colorado,2020-06-13,9882,7.71
10803,Colorado,2020-06-20,8566,8.33
10804,Colorado,2020-06-27,7854,8.83
10805,Colorado,2020-07-04,10506,8.96
10806,Colorado,2020-07-11,8486,9.15
10807,Colorado,2020-07-18,8008,9.14
10808,Colorado,2020-07-25,7138,9.13
12583,Connecticut,2020-01-04,5978,1.88
12584,Connecticut,2020-01-11,3727,1.96
12585,Connecticut,2020-01-18,2935,2.04
12586,Connecticut,2020-01-25,2959,2.11
12587,Connecticut,2020-02-01,2932,2.19
12588,Connecticut,2020-02-08,2501,2.25
12589,Connecticut,2020-02-15,2418,2.32
12590,Connecticut,2020-02-22,2837,2.38
12591,Connecticut,2020-02-29,2519,2.43
12592,Connecticut,2020-03-07,3428,2.47
12593,Connecticut,2020-03-14,25086,2.53
12594,Connecticut,2020-03-21,33168,2.73
12595,Connecticut,2020-03-28,33359,3.2
12596,Connecticut,2020-04-04,33857,3.86
12597,Connecticut,2020-04-11,102564,5.09
12598,Connecticut,2020-04-18,32793,6.33
12599,Connecticut,2020-04-25,35918,7.52
12600,Connecticut,2020-05-02,29846,8.81
12601,Connecticut,2020-05-09,25813,10.0
12602,Connecticut,2020-05-16,16437,11.07
12603,Connecticut,2020-05-23,14102,12.03
12604,Connecticut,2020-05-30,15173,13.09
12605,Connecticut,2020-06-06,11719,14.11
12606,Connecticut,2020-06-13,10229,15.06
12607,Connecticut,2020-06-20,9871,15.83
12608,Connecticut,2020-06-27,12107,16.31
12609,Connecticut,2020-07-04,9805,16.61
12610,Connecticut,2020-07-11,11409,16.35
12611,Connecticut,2020-07-18,11052,16.08
14386,District of Columbia,2020-01-04,706,1.15
14387,District of Columbia,2020-01-11,594,1.16
14388,District of Columbia,2020-01-18,534,1.17
14389,District of Columbia,2020-01-25,539,1.18
14390,District of Columbia,2020-02-01,508,1.2
14391,District of Columbia,2020-02-08,473,1.2
14392,District of Columbia,2020-02-15,422,1.21
14393,District of Columbia,2020-02-22,452,1.22
14394,District of Columbia,2020-02-29,471,1.22
14395,District of Columbia,2020-03-07,1213,1.21
14396,District of Columbia,2020-03-14,14462,1.22
14397,District of Columbia,2020-03-21,15869,1.36
14398,District of Columbia,2020-03-28,15329,1.68
14399,District of Columbia,2020-04-04,9974,2.15
14400,District of Columbia,2020-04-11,8639,2.68
14401,District of Columbia,2020-04-18,8708,3.28
14402,District of Columbia,2020-04-25,8113,3.97
14403,District of Columbia,2020-05-02,5782,4.74
14404,District of Columbia,2020-05-09,5196,5.56
14405,District of Columbia,2020-05-16,5135,6.4
14406,District of Columbia,2020-05-23,3559,7.24
14407,District of Columbia,2020-05-30,3385,8.11
14408,District of Columbia,2020-06-06,3065,8.98
14409,District of Columbia,2020-06-13,3073,9.86
14410,District of Columbia,2020-06-20,3132,10.59
14411,District of Columbia,2020-06-27,2858,11.14
14412,District of Columbia,2020-07-04,3300,11.51
14413,District of Columbia,2020-07-11,3053,11.85
14414,District of Columbia,2020-07-18,2712,12.12
14415,District of Columbia,2020-07-25,2250,12.3
16184,Delaware,2020-01-04,1107,1.08
16185,Delaware,2020-01-11,830,1.12
16186,Delaware,2020-01-18,674,1.15
16187,Delaware,2020-01-25,622,1.2
16188,Delaware,2020-02-01,608,1.23
16189,Delaware,2020-02-08,610,1.26
16190,Delaware,2020-02-15,632,1.29
16191,Delaware,2020-02-22,524,1.32
16192,Delaware,2020-02-29,518,1.33
16193,Delaware,2020-03-07,472,1.34
16194,Delaware,2020-03-14,10776,1.35
16195,Delaware,2020-03-21,19137,1.46
16196,Delaware,2020-03-28,18851,1.68
16197,Delaware,2020-04-04,13258,2.06
16198,Delaware,2020-04-11,9446,2.62
16199,Delaware,2020-04-18,7947,3.3
16200,Delaware,2020-04-25,6297,4.09
16201,Delaware,2020-05-02,5197,4.85
16202,Delaware,2020-05-09,5554,5.63
16203,Delaware,2020-05-16,4651,6.4
16204,Delaware,2020-05-23,3052,7.24
16205,Delaware,2020-05-30,3037,8.0
16206,Delaware,2020-06-06,2516,8.72
16207,Delaware,2020-06-13,2797,9.41
16208,Delaware,2020-06-20,2771,9.97
16209,Delaware,2020-06-27,2791,10.42
16210,Delaware,2020-07-04,3167,10.61
16211,Delaware,2020-07-11,2720,10.66
16212,Delaware,2020-07-18,2563,10.59
16213,Delaware,2020-07-25,2133,10.42
17983,Florida,2020-01-04,6862,0.4
17984,Florida,2020-01-11,6085,0.4
17985,Florida,2020-01-18,5205,0.4
17986,Florida,2020-01-25,5457,0.4
17987,Florida,2020-02-01,5604,0.4
17988,Florida,2020-02-08,5228,0.4
17989,Florida,2020-02-15,4860,0.4
17990,Florida,2020-02-22,4848,0.4
17991,Florida,2020-02-29,5325,0.39
17992,Florida,2020-03-07,6461,0.39
17993,Florida,2020-03-14,74312,0.39
17994,Florida,2020-03-21,228430,0.39
17995,Florida,2020-03-28,169829,0.45
17996,Florida,2020-04-04,180374,0.72
17997,Florida,2020-04-11,506666,0.85
17998,Florida,2020-04-18,433094,1.3
17999,Florida,2020-04-25,174795,1.67
18000,Florida,2020-05-02,222944,2.57
18001,Florida,2020-05-09,225321,4.46
18002,Florida,2020-05-16,175290,4.9
18003,Florida,2020-05-23,207572,5.44
18004,Florida,2020-05-30,112078,6.28
18005,Florida,2020-06-06,88087,7.07
18006,Florida,2020-06-13,95584,7.93
18007,Florida,2020-06-20,84324,8.85
18008,Florida,2020-06-27,66910,9.28
18009,Florida,2020-07-04,132767,9.64
18010,Florida,2020-07-11,108899,10.14
18011,Florida,2020-07-18,91327,10.27
18012,Florida,2020-07-25,73639,10.44
19782,Georgia,2020-01-04,17962,0.63
19783,Georgia,2020-01-11,8161,0.64
19784,Georgia,2020-01-18,5257,0.65
19785,Georgia,2020-01-25,5199,0.66
19786,Georgia,2020-02-01,5577,0.66
19787,Georgia,2020-02-08,6277,0.67
19788,Georgia,2020-02-15,5030,0.67
19789,Georgia,2020-02-22,5538,0.68
19790,Georgia,2020-02-29,4569,0.67
19791,Georgia,2020-03-07,5445,0.67
19792,Georgia,2020-03-14,12140,0.67
19793,Georgia,2020-03-21,133820,0.82
19794,Georgia,2020-03-28,390132,1.39
19795,Georgia,2020-04-04,319581,2.34
19796,Georgia,2020-04-11,247003,3.36
19797,Georgia,2020-04-18,266565,4.64
19798,Georgia,2020-04-25,228352,6.14
19799,Georgia,2020-05-02,242772,7.52
19800,Georgia,2020-05-09,177731,8.86
19801,Georgia,2020-05-16,165499,10.09
19802,Georgia,2020-05-23,149163,11.37
19803,Georgia,2020-05-30,135254,12.55
19804,Georgia,2020-06-06,131997,13.7
19805,Georgia,2020-06-13,125725,14.82
19806,Georgia,2020-06-20,117485,15.79
19807,Georgia,2020-06-27,105160,16.25
19808,Georgia,2020-07-04,138452,16.53
19809,Georgia,2020-07-11,122313,16.69
19810,Georgia,2020-07-18,84984,16.47
19811,Georgia,2020-07-25,73931,16.04
21578,Hawaii,2020-01-04,1826,0.98
21579,Hawaii,2020-01-11,1234,0.98
21580,Hawaii,2020-01-18,1014,0.99
21581,Hawaii,2020-01-25,1135,0.99
21582,Hawaii,2020-02-01,1137,1.0
21583,Hawaii,2020-02-08,1199,1.0
21584,Hawaii,2020-02-15,1020,1.01
21585,Hawaii,2020-02-22,1049,1.01
21586,Hawaii,2020-02-29,1275,1.01
21587,Hawaii,2020-03-07,1589,1.01
21588,Hawaii,2020-03-14,8817,1.02
21589,Hawaii,2020-03-21,48596,1.08
21590,Hawaii,2020-03-28,53102,1.4
21591,Hawaii,2020-04-04,34717,1.9
21592,Hawaii,2020-04-11,26591,2.71
21593,Hawaii,2020-04-18,22496,3.48
21594,Hawaii,2020-04-25,15177,4.5
21595,Hawaii,2020-05-02,12329,5.79
21596,Hawaii,2020-05-09,10964,7.52
21597,Hawaii,2020-05-16,9140,9.03
21598,Hawaii,2020-05-23,7702,10.5
21599,Hawaii,2020-05-30,7338,11.98
21600,Hawaii,2020-06-06,7248,13.32
21601,Hawaii,2020-06-13,7178,14.88
21602,Hawaii,2020-06-20,8193,16.34
21603,Hawaii,2020-06-27,7648,17.47
21604,Hawaii,2020-07-04,7668,18.49
21605,Hawaii,2020-07-11,7581,19.21
21606,Hawaii,2020-07-18,5885,19.97
21607,Hawaii,2020-07-25,5049,20.51
23378,Iowa,2020-01-04,4834,1.27
23379,Iowa,2020-01-11,3615,1.36
23380,Iowa,2020-01-18,3115,1.45
23381,Iowa,2020-01-25,3066,1.54
23382,Iowa,2020-02-01,2375,1.62
23383,Iowa,2020-02-08,2239,1.71
23384,Iowa,2020-02-15,2631,1.79
23385,Iowa,2020-02-22,2240,1.86
23386,Iowa,2020-02-29,2220,1.91
23387,Iowa,2020-03-07,2229,1.95
23388,Iowa,2020-03-14,40952,1.97
23389,Iowa,2020-03-21,55963,2.11
23390,Iowa,2020-03-28,64184,2.39
23391,Iowa,2020-04-04,43852,2.86
23392,Iowa,2020-04-11,26609,3.46
23393,Iowa,2020-04-18,27220,4.16
23394,Iowa,2020-04-25,23078,4.91
23395,Iowa,2020-05-02,15577,5.71
23396,Iowa,2020-05-09,12024,6.48
23397,Iowa,2020-05-16,13577,7.22
23398,Iowa,2020-05-23,6403,7.88
23399,Iowa,2020-05-30,9421,8.53
23400,Iowa,2020-06-06,8887,9.16
23401,Iowa,2020-06-13,7867,9.79
23402,Iowa,2020-06-20,7523,10.24
23403,Iowa,2020-06-27,9833,10.45
23404,Iowa,2020-07-04,10495,10.48
23405,Iowa,2020-07-11,8782,10.3
23406,Iowa,2020-07-18,6948,10.01
23407,Iowa,2020-07-25,6305,9.63
25177,Idaho,2020-01-04,2131,0.81
25178,Idaho,2020-01-11,2172,0.9
25179,Idaho,2020-01-18,1821,0.99
25180,Idaho,2020-01-25,1446,1.07
25181,Idaho,2020-02-01,1443,1.25
25182,Idaho,2020-02-08,1356,1.22
25183,Idaho,2020-02-15,1114,1.29
25184,Idaho,2020-02-22,998,1.35
25185,Idaho,2020-02-29,938,1.4
25186,Idaho,2020-03-07,1031,1.42
25187,Idaho,2020-03-14,13586,1.45
25188,Idaho,2020-03-21,32941,1.53
25189,Idaho,2020-03-28,30904,1.82
25190,Idaho,2020-04-04,18531,2.3
25191,Idaho,2020-04-11,13023,2.89
25192,Idaho,2020-04-18,8827,3.51
25193,Idaho,2020-04-25,7495,4.15
25194,Idaho,2020-05-02,5795,4.71
25195,Idaho,2020-05-09,5800,5.23
25196,Idaho,2020-05-16,4727,5.7
25197,Idaho,2020-05-23,3646,6.13
25198,Idaho,2020-05-30,3953,6.52
25199,Idaho,2020-06-06,3631,6.81
25200,Idaho,2020-06-13,4285,7.05
25201,Idaho,2020-06-20,5417,7.21
25202,Idaho,2020-06-27,4924,7.14
25203,Idaho,2020-07-04,5458,6.71
25204,Idaho,2020-07-11,5687,6.3
25205,Idaho,2020-07-18,4703,5.84
25206,Idaho,2020-07-25,3607,5.36
26978,Illinois,2020-01-04,12703,1.6
26979,Illinois,2020-01-11,14807,1.68
26980,Illinois,2020-01-18,9762,1.75
26981,Illinois,2020-01-25,9343,1.84
26982,Illinois,2020-02-01,9794,1.91
26983,Illinois,2020-02-08,8045,1.98
26984,Illinois,2020-02-15,11812,2.04
26985,Illinois,2020-02-22,8980,2.09
26986,Illinois,2020-02-29,8727,2.14
26987,Illinois,2020-03-07,11305,2.18
26988,Illinois,2020-03-14,126716,2.21
26989,Illinois,2020-03-21,185575,2.24
26990,Illinois,2020-03-28,202157,2.42
26991,Illinois,2020-04-04,140787,2.83
26992,Illinois,2020-04-11,118996,3.39
26993,Illinois,2020-04-18,101322,4.11
26994,Illinois,2020-04-25,74476,4.83
26995,Illinois,2020-05-02,72671,5.64
26996,Illinois,2020-05-09,72780,6.42
26997,Illinois,2020-05-16,58263,7.24
26998,Illinois,2020-05-23,46385,8.0
26999,Illinois,2020-05-30,44606,8.79
27000,Illinois,2020-06-06,44694,9.55
27001,Illinois,2020-06-13,46276,10.3
27002,Illinois,2020-06-20,45752,11.01
27003,Illinois,2020-06-27,39015,11.53
27004,Illinois,2020-07-04,38261,11.8
27005,Illinois,2020-07-11,36435,11.92
27006,Illinois,2020-07-18,33230,11.88
27007,Illinois,2020-07-25,25274,11.79
28777,Indiana,2020-01-04,4890,0.51
28778,Indiana,2020-01-11,3741,0.53
28779,Indiana,2020-01-18,2956,0.55
28780,Indiana,2020-01-25,3016,0.57
28781,Indiana,2020-02-01,2725,0.59
28782,Indiana,2020-02-08,2556,0.61
28783,Indiana,2020-02-15,2979,0.64
28784,Indiana,2020-02-22,2276,0.66
28785,Indiana,2020-02-29,2223,0.68
28786,Indiana,2020-03-07,2596,0.69
28787,Indiana,2020-03-14,59755,0.7
28788,Indiana,2020-03-21,139174,0.73
28789,Indiana,2020-03-28,127010,0.86
28790,Indiana,2020-04-04,113755,1.18
28791,Indiana,2020-04-11,72756,1.65
28792,Indiana,2020-04-18,55774,2.24
28793,Indiana,2020-04-25,42290,2.87
28794,Indiana,2020-05-02,29668,3.53
28795,Indiana,2020-05-09,29436,4.16
28796,Indiana,2020-05-16,25523,4.74
28797,Indiana,2020-05-23,22914,5.27
28798,Indiana,2020-05-30,22931,5.78
28799,Indiana,2020-06-06,24017,6.26
28800,Indiana,2020-06-13,29331,6.71
28801,Indiana,2020-06-20,44827,7.12
28802,Indiana,2020-06-27,22102,7.41
28803,Indiana,2020-07-04,28360,7.5
28804,Indiana,2020-07-11,17911,7.47
28805,Indiana,2020-07-18,20129,7.4
28806,Indiana,2020-07-25,12551,7.28
30576,Kansas,2020-01-04,2129,0.6
30577,Kansas,2020-01-11,2360,0.62
30578,Kansas,2020-01-18,2457,0.64
30579,Kansas,2020-01-25,1987,0.67
30580,Kansas,2020-02-01,2102,0.7
30581,Kansas,2020-02-08,2071,0.71
30582,Kansas,2020-02-15,1490,0.74
30583,Kansas,2020-02-22,1507,0.76
30584,Kansas,2020-02-29,1349,0.79
30585,Kansas,2020-03-07,1736,0.8
30586,Kansas,2020-03-14,23555,0.8
30587,Kansas,2020-03-21,54217,0.81
30588,Kansas,2020-03-28,49019,1.08
30589,Kansas,2020-04-04,29451,1.46
30590,Kansas,2020-04-11,30034,1.94
30591,Kansas,2020-04-18,22456,2.55
30592,Kansas,2020-04-25,15690,3.16
30593,Kansas,2020-05-02,11765,3.76
30594,Kansas,2020-05-09,11168,4.31
30595,Kansas,2020-05-16,11018,4.83
30596,Kansas,2020-05-23,9888,5.33
30597,Kansas,2020-05-30,8034,5.75
30598,Kansas,2020-06-06,8067,6.16
30599,Kansas,2020-06-13,8809,6.57
30600,Kansas,2020-06-20,9211,6.91
30601,Kansas,2020-06-27,11337,7.09
30602,Kansas,2020-07-04,11604,7.09
30603,Kansas,2020-07-11,9329,7.03
30604,Kansas,2020-07-18,10232,6.8
30605,Kansas,2020-07-25,8904,6.56
32375,Kentucky,2020-01-04,3968,0.88
32376,Kentucky,2020-01-11,3084,0.91
32377,Kentucky,2020-01-18,2569,0.93
32378,Kentucky,2020-01-25,2625,0.96
32379,Kentucky,2020-02-01,2936,0.99
32380,Kentucky,2020-02-08,2813,1.02
32381,Kentucky,2020-02-15,2508,1.12
32382,Kentucky,2020-02-22,2223,1.15
32383,Kentucky,2020-02-29,2463,1.17
32384,Kentucky,2020-03-07,2785,1.19
32385,Kentucky,2020-03-14,49023,1.21
32386,Kentucky,2020-03-21,113149,1.23
32387,Kentucky,2020-03-28,117575,1.67
32388,Kentucky,2020-04-04,116277,2.3
32389,Kentucky,2020-04-11,103981,3.01
32390,Kentucky,2020-04-18,91223,3.98
32391,Kentucky,2020-04-25,82435,4.93
32392,Kentucky,2020-05-02,69372,5.86
32393,Kentucky,2020-05-09,47321,6.77
32394,Kentucky,2020-05-16,53738,7.67
32395,Kentucky,2020-05-23,43013,8.42
32396,Kentucky,2020-05-30,40733,9.13
32397,Kentucky,2020-06-06,37650,9.77
32398,Kentucky,2020-06-13,24846,10.38
32399,Kentucky,2020-06-20,30640,10.93
32400,Kentucky,2020-06-27,23282,11.01
32401,Kentucky,2020-07-04,24544,10.9
32402,Kentucky,2020-07-11,24488,10.68
32403,Kentucky,2020-07-18,21041,10.2
32404,Kentucky,2020-07-25,21020,9.71
34171,Louisiana,2020-01-04,2521,0.76
34172,Louisiana,2020-01-11,2008,0.77
34173,Louisiana,2020-01-18,1878,0.78
34174,Louisiana,2020-01-25,2058,0.79
34175,Louisiana,2020-02-01,1805,0.8
34176,Louisiana,2020-02-08,1739,0.8
34177,Louisiana,2020-02-15,1798,0.81
34178,Louisiana,2020-02-22,1509,0.81
34179,Louisiana,2020-02-29,1698,0.81
34180,Louisiana,2020-03-07,2255,0.8
34181,Louisiana,2020-03-14,72438,0.8
34182,Louisiana,2020-03-21,97400,0.97
34183,Louisiana,2020-03-28,100621,1.38
34184,Louisiana,2020-04-04,79653,2.22
34185,Louisiana,2020-04-11,91923,3.15
34186,Louisiana,2020-04-18,66141,4.31
34187,Louisiana,2020-04-25,50941,5.51
34188,Louisiana,2020-05-02,40125,6.77
34189,Louisiana,2020-05-09,28545,8.04
34190,Louisiana,2020-05-16,23961,9.31
34191,Louisiana,2020-05-23,19334,10.48
34192,Louisiana,2020-05-30,21879,11.66
34193,Louisiana,2020-06-06,23122,12.85
34194,Louisiana,2020-06-13,19524,14.01
34195,Louisiana,2020-06-20,21976,15.02
34196,Louisiana,2020-06-27,31417,15.8
34197,Louisiana,2020-07-04,26351,16.21
34198,Louisiana,2020-07-11,32079,16.48
34199,Louisiana,2020-07-18,18511,16.57
34200,Louisiana,2020-07-25,13402,16.64
35971,Massachusetts,2020-01-04,8775,1.58
35972,Massachusetts,2020-01-11,6937,1.61
35973,Massachusetts,2020-01-18,6017,1.68
35974,Massachusetts,2020-01-25,5523,1.75
35975,Massachusetts,2020-02-01,5876,1.82
35976,Massachusetts,2020-02-08,5393,1.88
35977,Massachusetts,2020-02-15,9264,1.95
35978,Massachusetts,2020-02-22,4864,2.02
35979,Massachusetts,2020-02-29,4708,2.06
35980,Massachusetts,2020-03-07,7446,2.1
35981,Massachusetts,2020-03-14,148422,2.15
35982,Massachusetts,2020-03-21,181291,2.4
35983,Massachusetts,2020-03-28,139435,2.91
35984,Massachusetts,2020-04-04,103621,3.51
35985,Massachusetts,2020-04-11,80807,4.35
35986,Massachusetts,2020-04-18,71133,5.34
35987,Massachusetts,2020-04-25,55691,6.4
35988,Massachusetts,2020-05-02,44668,7.48
35989,Massachusetts,2020-05-09,38562,8.58
35990,Massachusetts,2020-05-16,38192,9.7
35991,Massachusetts,2020-05-23,27558,10.81
35992,Massachusetts,2020-05-30,44970,11.9
35993,Massachusetts,2020-06-06,30281,13.0
35994,Massachusetts,2020-06-13,29910,14.06
35995,Massachusetts,2020-06-20,29563,14.88
35996,Massachusetts,2020-06-27,26921,15.43
35997,Massachusetts,2020-07-04,23972,15.79
35998,Massachusetts,2020-07-11,18599,15.75
35999,Massachusetts,2020-07-18,19604,15.86
36000,Massachusetts,2020-07-25,15620,15.83
37770,Maryland,2020-01-04,4612,0.94
37771,Maryland,2020-01-11,3739,0.97
37772,Maryland,2020-01-18,3283,0.99
37773,Maryland,2020-01-25,3203,1.02
37774,Maryland,2020-02-01,3150,1.04
37775,Maryland,2020-02-08,3048,1.06
37776,Maryland,2020-02-15,2700,1.08
37777,Maryland,2020-02-22,2626,1.1
37778,Maryland,2020-02-29,2668,1.11
37779,Maryland,2020-03-07,3864,1.12
37780,Maryland,2020-03-14,42963,1.12
37781,Maryland,2020-03-21,85317,1.19
37782,Maryland,2020-03-28,109489,1.37
37783,Maryland,2020-04-04,62904,1.76
37784,Maryland,2020-04-11,48495,2.28
37785,Maryland,2020-04-18,37925,2.87
37786,Maryland,2020-04-25,63253,3.46
37787,Maryland,2020-05-02,45485,4.14
37788,Maryland,2020-05-09,35111,4.81
37789,Maryland,2020-05-16,33991,5.49
37790,Maryland,2020-05-23,31920,6.15
37791,Maryland,2020-05-30,41638,6.81
37792,Maryland,2020-06-06,23450,7.48
37793,Maryland,2020-06-13,32549,8.13
37794,Maryland,2020-06-20,22623,8.69
37795,Maryland,2020-06-27,33191,9.16
37796,Maryland,2020-07-04,19463,9.39
37797,Maryland,2020-07-11,17226,9.48
37798,Maryland,2020-07-18,13031,9.46
37799,Maryland,2020-07-25,10828,9.39
39569,Maine,2020-01-04,1561,0.81
39570,Maine,2020-01-11,959,0.89
39571,Maine,2020-01-18,944,0.95
39572,Maine,2020-01-25,881,1.02
39573,Maine,2020-02-01,702,1.09
39574,Maine,2020-02-08,790,1.16
39575,Maine,2020-02-15,729,1.21
39576,Maine,2020-02-22,860,1.27
39577,Maine,2020-02-29,715,1.31
39578,Maine,2020-03-07,634,1.35
39579,Maine,2020-03-14,21459,1.38
39580,Maine,2020-03-21,23761,1.59
39581,Maine,2020-03-28,30889,2.02
39582,Maine,2020-04-04,13421,2.62
39583,Maine,2020-04-11,11561,3.36
39584,Maine,2020-04-18,7420,4.18
39585,Maine,2020-04-25,6943,5.05
39586,Maine,2020-05-02,5392,6.05
39587,Maine,2020-05-09,4640,7.11
39588,Maine,2020-05-16,16518,8.76
39589,Maine,2020-05-23,11122,10.71
39590,Maine,2020-05-30,3056,11.6
39591,Maine,2020-06-06,2988,12.34
39592,Maine,2020-06-13,2877,13.06
39593,Maine,2020-06-20,2959,13.58
39594,Maine,2020-06-27,2784,13.9
39595,Maine,2020-07-04,4629,13.88
39596,Maine,2020-07-11,2190,13.8
39597,Maine,2020-07-18,1972,13.67
39598,Maine,2020-07-25,1622,13.37
41370,Michigan,2020-01-04,14245,1.24
41371,Michigan,2020-01-11,10302,1.31
41372,Michigan,2020-01-18,7674,1.39
41373,Michigan,2020-01-25,6869,1.45
41374,Michigan,2020-02-01,6619,1.52
41375,Michigan,2020-02-08,5579,1.59
41376,Michigan,2020-02-15,5932,1.66
41377,Michigan,2020-02-22,5417,1.71
41378,Michigan,2020-02-29,5150,1.76
41379,Michigan,2020-03-07,5335,1.8
41380,Michigan,2020-03-14,127810,1.83
41381,Michigan,2020-03-21,303638,1.88
41382,Michigan,2020-03-28,388113,2.4
41383,Michigan,2020-04-04,221671,3.58
41384,Michigan,2020-04-11,135964,5.1
41385,Michigan,2020-04-18,81360,6.61
41386,Michigan,2020-04-25,66754,8.24
41387,Michigan,2020-05-02,54708,9.84
41388,Michigan,2020-05-09,55634,11.47
41389,Michigan,2020-05-16,57677,13.09
41390,Michigan,2020-05-23,36582,14.62
41391,Michigan,2020-05-30,25136,15.83
41392,Michigan,2020-06-06,18494,17.0
41393,Michigan,2020-06-13,17469,17.91
41394,Michigan,2020-06-20,36224,18.88
41395,Michigan,2020-06-27,32880,19.17
41396,Michigan,2020-07-04,26020,18.91
41397,Michigan,2020-07-11,23426,18.17
41398,Michigan,2020-07-18,22631,17.56
41399,Michigan,2020-07-25,18832,16.7
43170,Minnesota,2020-01-04,5920,1.47
43171,Minnesota,2020-01-11,4459,1.58
43172,Minnesota,2020-01-18,3926,1.68
43173,Minnesota,2020-01-25,3699,1.79
43174,Minnesota,2020-02-01,4071,1.88
43175,Minnesota,2020-02-08,3625,1.97
43176,Minnesota,2020-02-15,3536,2.04
43177,Minnesota,2020-02-22,3386,2.1
43178,Minnesota,2020-02-29,3473,2.13
43179,Minnesota,2020-03-07,4000,2.16
43180,Minnesota,2020-03-14,115755,2.2
43181,Minnesota,2020-03-21,109057,2.48
43182,Minnesota,2020-03-28,110018,2.97
43183,Minnesota,2020-04-04,92946,3.7
43184,Minnesota,2020-04-11,74405,4.58
43185,Minnesota,2020-04-18,48278,5.54
43186,Minnesota,2020-04-25,41143,6.5
43187,Minnesota,2020-05-02,37256,7.48
43188,Minnesota,2020-05-09,28174,8.46
43189,Minnesota,2020-05-16,26982,9.41
43190,Minnesota,2020-05-23,21586,10.31
43191,Minnesota,2020-05-30,28240,11.21
43192,Minnesota,2020-06-06,24596,12.05
43193,Minnesota,2020-06-13,20373,12.81
43194,Minnesota,2020-06-20,19267,13.29
43195,Minnesota,2020-06-27,19195,13.5
43196,Minnesota,2020-07-04,21491,13.45
43197,Minnesota,2020-07-11,17609,13.25
43198,Minnesota,2020-07-18,15280,12.95
43199,Minnesota,2020-07-25,12285,12.6
44967,Missouri,2020-01-04,10875,0.73
44968,Missouri,2020-01-11,4834,0.77
44969,Missouri,2020-01-18,5420,0.8
44970,Missouri,2020-01-25,4754,0.83
44971,Missouri,2020-02-01,3621,0.86
44972,Missouri,2020-02-08,3313,0.89
44973,Missouri,2020-02-15,2990,0.92
44974,Missouri,2020-02-22,2698,0.95
44975,Missouri,2020-02-29,2952,0.96
44976,Missouri,2020-03-07,3972,0.97
44977,Missouri,2020-03-14,42202,0.97
44978,Missouri,2020-03-21,104207,1.05
44979,Missouri,2020-03-28,91028,1.31
44980,Missouri,2020-04-04,101706,1.69
44981,Missouri,2020-04-11,59262,2.24
44982,Missouri,2020-04-18,54703,2.86
44983,Missouri,2020-04-25,52021,3.46
44984,Missouri,2020-05-02,30692,4.11
44985,Missouri,2020-05-09,27878,4.76
44986,Missouri,2020-05-16,27201,5.39
44987,Missouri,2020-05-23,20457,5.98
44988,Missouri,2020-05-30,19806,6.56
44989,Missouri,2020-06-06,18671,7.1
44990,Missouri,2020-06-13,17159,7.62
44991,Missouri,2020-06-20,19066,8.05
44992,Missouri,2020-06-27,17520,8.28
44993,Missouri,2020-07-04,16757,8.48
44994,Missouri,2020-07-11,12128,8.34
44995,Missouri,2020-07-18,14796,8.13
44996,Missouri,2020-07-25,10821,7.94
46767,Mississippi,2020-01-04,1515,0.69
46768,Mississippi,2020-01-11,1135,0.7
46769,Mississippi,2020-01-18,993,0.71
46770,Mississippi,2020-01-25,963,0.72
46771,Mississippi,2020-02-01,968,0.73
46772,Mississippi,2020-02-08,861,0.74
46773,Mississippi,2020-02-15,827,0.75
46774,Mississippi,2020-02-22,744,0.75
46775,Mississippi,2020-02-29,879,0.75
46776,Mississippi,2020-03-07,1147,0.75
46777,Mississippi,2020-03-14,5519,0.74
46778,Mississippi,2020-03-21,32015,0.75
46779,Mississippi,2020-03-28,45852,0.88
46780,Mississippi,2020-04-04,45748,1.24
46781,Mississippi,2020-04-11,36913,1.82
46782,Mississippi,2020-04-18,29906,2.7
46783,Mississippi,2020-04-25,25745,3.76
46784,Mississippi,2020-05-02,23618,5.15
46785,Mississippi,2020-05-09,24242,6.41
46786,Mississippi,2020-05-16,23856,7.63
46787,Mississippi,2020-05-23,24014,8.79
46788,Mississippi,2020-05-30,21283,9.77
46789,Mississippi,2020-06-06,18407,10.57
46790,Mississippi,2020-06-13,15230,11.2
46791,Mississippi,2020-06-20,13673,12.16
46792,Mississippi,2020-06-27,11266,12.91
46793,Mississippi,2020-07-04,12223,13.18
46794,Mississippi,2020-07-11,12094,13.38
46795,Mississippi,2020-07-18,9169,13.16
46796,Mississippi,2020-07-25,6777,12.88
48584,Montana,2020-01-04,1755,1.65
48585,Montana,2020-01-11,1236,1.77
48586,Montana,2020-01-18,922,1.89
48587,Montana,2020-01-25,902,2.01
48588,Montana,2020-02-01,935,2.1
48589,Montana,2020-02-08,921,2.19
48590,Montana,2020-02-15,795,2.27
48591,Montana,2020-02-22,695,2.34
48592,Montana,2020-02-29,714,2.37
48593,Montana,2020-03-07,817,2.4
48594,Montana,2020-03-14,15349,2.41
48595,Montana,2020-03-21,20763,2.58
48596,Montana,2020-03-28,21244,3.02
48597,Montana,2020-04-04,14275,3.71
48598,Montana,2020-04-11,11176,4.62
48599,Montana,2020-04-18,7052,5.56
48600,Montana,2020-04-25,4596,6.43
48601,Montana,2020-05-02,3762,7.23
48602,Montana,2020-05-09,3660,7.94
48603,Montana,2020-05-16,3821,8.59
48604,Montana,2020-05-23,3054,9.22
48605,Montana,2020-05-30,3078,9.82
48606,Montana,2020-06-06,3157,10.4
48607,Montana,2020-06-13,2997,10.95
48608,Montana,2020-06-20,2695,11.32
48609,Montana,2020-06-27,2788,11.36
48610,Montana,2020-07-04,2990,11.09
48611,Montana,2020-07-11,2735,10.61
48612,Montana,2020-07-18,2388,10.06
48613,Montana,2020-07-25,1875,9.56
50382,North Carolina,2020-01-04,4628,0.44
50383,North Carolina,2020-01-11,4217,0.45
50384,North Carolina,2020-01-18,3344,0.46
50385,North Carolina,2020-01-25,3611,0.46
50386,North Carolina,2020-02-01,3326,0.47
50387,North Carolina,2020-02-08,3094,0.47
50388,North Carolina,2020-02-15,2852,0.47
50389,North Carolina,2020-02-22,1767,0.48
50390,North Carolina,2020-02-29,2575,0.48
50391,North Carolina,2020-03-07,3533,0.48
50392,North Carolina,2020-03-14,94083,0.48
50393,North Carolina,2020-03-21,172145,0.58
50394,North Carolina,2020-03-28,137422,0.97
50395,North Carolina,2020-04-04,140155,1.56
50396,North Carolina,2020-04-11,106266,2.34
50397,North Carolina,2020-04-18,98941,3.27
50398,North Carolina,2020-04-25,85956,4.27
50399,North Carolina,2020-05-02,57354,5.31
50400,North Carolina,2020-05-09,46913,6.33
50401,North Carolina,2020-05-16,44202,7.28
50402,North Carolina,2020-05-23,37047,8.2
50403,North Carolina,2020-05-30,33865,9.1
50404,North Carolina,2020-06-06,32188,9.99
50405,North Carolina,2020-06-13,29199,10.88
50406,North Carolina,2020-06-20,29580,11.55
50407,North Carolina,2020-06-27,27937,11.85
50408,North Carolina,2020-07-04,28108,11.8
50409,North Carolina,2020-07-11,29204,11.55
50410,North Carolina,2020-07-18,26995,11.13
50411,North Carolina,2020-07-25,16503,10.6
52192,North Dakota,2020-01-04,1530,0.78
52193,North Dakota,2020-01-11,785,0.88
52194,North Dakota,2020-01-18,543,0.99
52195,North Dakota,2020-01-25,447,1.09
52196,North Dakota,2020-02-01,526,1.18
52197,North Dakota,2020-02-08,457,1.27
52198,North Dakota,2020-02-15,435,1.35
52199,North Dakota,2020-02-22,363,1.43
52200,North Dakota,2020-02-29,423,1.49
52201,North Dakota,2020-03-07,415,1.53
52202,North Dakota,2020-03-14,5662,1.56
52203,North Dakota,2020-03-21,11818,1.64
52204,North Dakota,2020-03-28,15125,1.83
52205,North Dakota,2020-04-04,9502,2.16
52206,North Dakota,2020-04-11,8065,2.66
52207,North Dakota,2020-04-18,6274,3.19
52208,North Dakota,2020-04-25,4044,3.73
52209,North Dakota,2020-05-02,2753,4.27
52210,North Dakota,2020-05-09,2619,4.75
52211,North Dakota,2020-05-16,2978,5.2
52212,North Dakota,2020-05-23,2315,5.65
52213,North Dakota,2020-05-30,2252,6.08
52214,North Dakota,2020-06-06,2073,6.51
52215,North Dakota,2020-06-13,1821,6.93
52216,North Dakota,2020-06-20,1511,7.3
52217,North Dakota,2020-06-27,1720,7.5
52218,North Dakota,2020-07-04,1532,7.55
52219,North Dakota,2020-07-11,1915,7.4
52220,North Dakota,2020-07-18,1203,7.21
52221,North Dakota,2020-07-25,979,6.98
53991,Nebraska,2020-01-04,1171,0.31
53992,Nebraska,2020-01-11,988,0.34
53993,Nebraska,2020-01-18,960,0.36
53994,Nebraska,2020-01-25,833,0.39
53995,Nebraska,2020-02-01,675,0.42
53996,Nebraska,2020-02-08,537,0.45
53997,Nebraska,2020-02-15,491,0.47
53998,Nebraska,2020-02-22,502,0.49
53999,Nebraska,2020-02-29,501,0.52
54000,Nebraska,2020-03-07,795,0.54
54001,Nebraska,2020-03-14,15664,0.56
54002,Nebraska,2020-03-21,24480,0.77
54003,Nebraska,2020-03-28,26607,0.93
54004,Nebraska,2020-04-04,15985,1.37
54005,Nebraska,2020-04-11,12027,1.9
54006,Nebraska,2020-04-18,8028,2.47
54007,Nebraska,2020-04-25,6322,2.97
54008,Nebraska,2020-05-02,6275,3.47
54009,Nebraska,2020-05-09,5758,3.93
54010,Nebraska,2020-05-16,5761,4.38
54011,Nebraska,2020-05-23,5051,4.83
54012,Nebraska,2020-05-30,4648,5.27
54013,Nebraska,2020-06-06,4769,5.68
54014,Nebraska,2020-06-13,4353,6.09
54015,Nebraska,2020-06-20,4173,6.41
54016,Nebraska,2020-06-27,5785,6.57
54017,Nebraska,2020-07-04,7895,6.53
54018,Nebraska,2020-07-11,3976,6.38
54019,Nebraska,2020-07-18,3648,6.15
54020,Nebraska,2020-07-25,2937,5.97
55790,New Hampshire,2020-01-04,721,0.5
55791,New Hampshire,2020-01-11,612,0.52
55792,New Hampshire,2020-01-18,573,0.54
55793,New Hampshire,2020-01-25,456,0.55
55794,New Hampshire,2020-02-01,507,0.57
55795,New Hampshire,2020-02-08,424,0.58
55796,New Hampshire,2020-02-15,444,0.59
55797,New Hampshire,2020-02-22,894,0.6
55798,New Hampshire,2020-02-29,495,0.61
55799,New Hampshire,2020-03-07,640,0.62
55800,New Hampshire,2020-03-14,29372,0.62
55801,New Hampshire,2020-03-21,31374,0.9
55802,New Hampshire,2020-03-28,39187,1.46
55803,New Hampshire,2020-04-04,25236,2.37
55804,New Hampshire,2020-04-11,20401,3.43
55805,New Hampshire,2020-04-18,14999,4.64
55806,New Hampshire,2020-04-25,12350,5.96
55807,New Hampshire,2020-05-02,9891,7.3
55808,New Hampshire,2020-05-09,8669,8.6
55809,New Hampshire,2020-05-16,7141,9.85
55810,New Hampshire,2020-05-23,6002,10.99
55811,New Hampshire,2020-05-30,6178,12.15
55812,New Hampshire,2020-06-06,6306,13.27
55813,New Hampshire,2020-06-13,5288,14.32
55814,New Hampshire,2020-06-20,5038,15.02
55815,New Hampshire,2020-06-27,5651,15.29
55816,New Hampshire,2020-07-04,2852,15.02
55817,New Hampshire,2020-07-11,3502,14.77
55818,New Hampshire,2020-07-18,3254,14.29
55819,New Hampshire,2020-07-25,2651,13.66
57588,New Jersey,2020-01-04,13469,2.13
57589,New Jersey,2020-01-11,10728,2.2
57590,New Jersey,2020-01-18,9325,2.26
57591,New Jersey,2020-01-25,8304,2.33
57592,New Jersey,2020-02-01,9288,2.4
57593,New Jersey,2020-02-08,8550,2.46
57594,New Jersey,2020-02-15,8396,2.52
57595,New Jersey,2020-02-22,7773,2.58
57596,New Jersey,2020-02-29,7996,2.62
57597,New Jersey,2020-03-07,9467,2.65
57598,New Jersey,2020-03-14,115815,2.69
57599,New Jersey,2020-03-21,206253,2.81
57600,New Jersey,2020-03-28,214836,3.13
57601,New Jersey,2020-04-04,141420,3.71
57602,New Jersey,2020-04-11,140139,4.57
57603,New Jersey,2020-04-18,71966,5.55
57604,New Jersey,2020-04-25,88326,6.57
57605,New Jersey,2020-05-02,69689,7.72
57606,New Jersey,2020-05-09,42365,8.66
57607,New Jersey,2020-05-16,34410,9.58
57608,New Jersey,2020-05-23,26752,10.41
57609,New Jersey,2020-05-30,23166,11.27
57610,New Jersey,2020-06-06,26392,12.1
57611,New Jersey,2020-06-13,33004,12.91
57612,New Jersey,2020-06-20,27965,13.6
57613,New Jersey,2020-06-27,47391,14.01
57614,New Jersey,2020-07-04,38150,14.1
57615,New Jersey,2020-07-11,25804,13.95
57616,New Jersey,2020-07-18,28063,13.69
57617,New Jersey,2020-07-25,16573,13.35
59380,New Mexico,2020-01-04,1194,1.1
59381,New Mexico,2020-01-11,947,1.12
59382,New Mexico,2020-01-18,764,1.14
59383,New Mexico,2020-01-25,784,1.16
59384,New Mexico,2020-02-01,873,1.18
59385,New Mexico,2020-02-08,725,1.2
59386,New Mexico,2020-02-15,737,1.21
59387,New Mexico,2020-02-22,681,1.22
59388,New Mexico,2020-02-29,690,1.23
59389,New Mexico,2020-03-07,869,1.23
59390,New Mexico,2020-03-14,18105,1.23
59391,New Mexico,2020-03-21,27849,1.34
59392,New Mexico,2020-03-28,26132,1.67
59393,New Mexico,2020-04-04,19043,2.16
59394,New Mexico,2020-04-11,13621,2.85
59395,New Mexico,2020-04-18,12093,3.65
59396,New Mexico,2020-04-25,13675,4.47
59397,New Mexico,2020-05-02,8024,5.35
59398,New Mexico,2020-05-09,7356,6.25
59399,New Mexico,2020-05-16,7058,7.19
59400,New Mexico,2020-05-23,6672,8.11
59401,New Mexico,2020-05-30,5290,9.01
59402,New Mexico,2020-06-06,5111,9.9
59403,New Mexico,2020-06-13,4945,10.77
59404,New Mexico,2020-06-20,5083,11.5
59405,New Mexico,2020-06-27,5666,11.99
59406,New Mexico,2020-07-04,6381,12.22
59407,New Mexico,2020-07-11,7668,12.41
59408,New Mexico,2020-07-18,7254,12.44
59409,New Mexico,2020-07-25,5797,12.48
61175,Nevada,2020-01-04,2792,1.29
61176,Nevada,2020-01-11,2451,1.31
61177,Nevada,2020-01-18,2101,1.32
61178,Nevada,2020-01-25,2286,1.34
61179,Nevada,2020-02-01,2794,1.36
61180,Nevada,2020-02-08,2543,1.38
61181,Nevada,2020-02-15,2052,1.39
61182,Nevada,2020-02-22,2324,1.41
61183,Nevada,2020-02-29,2309,1.41
61184,Nevada,2020-03-07,6356,1.42
61185,Nevada,2020-03-14,92298,1.42
61186,Nevada,2020-03-21,71942,1.65
61187,Nevada,2020-03-28,79285,2.26
61188,Nevada,2020-04-04,58641,3.19
61189,Nevada,2020-04-11,39496,4.38
61190,Nevada,2020-04-18,42541,5.8
61191,Nevada,2020-04-25,28550,7.39
61192,Nevada,2020-05-02,21635,9.09
61193,Nevada,2020-05-09,17837,11.04
61194,Nevada,2020-05-16,15607,12.84
61195,Nevada,2020-05-23,11337,14.6
61196,Nevada,2020-05-30,10748,16.35
61197,Nevada,2020-06-06,10620,17.98
61198,Nevada,2020-06-13,10347,19.52
61199,Nevada,2020-06-20,11110,20.79
61200,Nevada,2020-06-27,12484,21.66
61201,Nevada,2020-07-04,14666,22.12
61202,Nevada,2020-07-11,15548,22.54
61203,Nevada,2020-07-18,18390,22.93
61204,Nevada,2020-07-25,13727,23.07
62974,New York,2020-01-04,23271,1.41
62975,New York,2020-01-11,17791,1.45
62976,New York,2020-01-18,14982,1.5
62977,New York,2020-01-25,16505,1.55
62978,New York,2020-02-01,14949,1.59
62979,New York,2020-02-08,14285,1.63
62980,New York,2020-02-15,14102,1.66
62981,New York,2020-02-22,31169,1.71
62982,New York,2020-02-29,13999,1.73
62983,New York,2020-03-07,14233,1.75
62984,New York,2020-03-14,79946,1.77
62985,New York,2020-03-21,365816,1.91
62986,New York,2020-03-28,343538,2.35
62987,New York,2020-04-04,393541,3.1
62988,New York,2020-04-11,204111,4.08
62989,New York,2020-04-18,218175,5.27
62990,New York,2020-04-25,194049,6.56
62991,New York,2020-05-02,198054,7.94
62992,New York,2020-05-09,222672,9.33
62993,New York,2020-05-16,187598,10.68
62994,New York,2020-05-23,80738,11.97
62995,New York,2020-05-30,92575,13.22
62996,New York,2020-06-06,94395,14.46
62997,New York,2020-06-13,88329,15.68
62998,New York,2020-06-20,89094,16.74
62999,New York,2020-06-27,92793,17.46
63000,New York,2020-07-04,90710,17.75
63001,New York,2020-07-11,87601,17.9
63002,New York,2020-07-18,84555,17.83
63003,New York,2020-07-25,73671,17.68
64772,Ohio,2020-01-04,9929,0.97
64773,Ohio,2020-01-11,7817,1.02
64774,Ohio,2020-01-18,8069,1.07
64775,Ohio,2020-01-25,7320,1.11
64776,Ohio,2020-02-01,6819,1.15
64777,Ohio,2020-02-08,6509,1.19
64778,Ohio,2020-02-15,6195,1.23
64779,Ohio,2020-02-22,9910,1.26
64780,Ohio,2020-02-29,6540,1.29
64781,Ohio,2020-03-07,7042,1.31
64782,Ohio,2020-03-14,196297,1.33
64783,Ohio,2020-03-21,274215,1.55
64784,Ohio,2020-03-28,226007,2.09
64785,Ohio,2020-04-04,158678,2.87
64786,Ohio,2020-04-11,109369,3.8
64787,Ohio,2020-04-18,92920,4.81
64788,Ohio,2020-04-25,61083,5.8
64789,Ohio,2020-05-02,51125,6.76
64790,Ohio,2020-05-09,46062,7.66
64791,Ohio,2020-05-16,42082,8.46
64792,Ohio,2020-05-23,34575,9.16
64793,Ohio,2020-05-30,35430,9.8
64794,Ohio,2020-06-06,32788,10.39
64795,Ohio,2020-06-13,34553,10.94
64796,Ohio,2020-06-20,35623,11.25
64797,Ohio,2020-06-27,33483,11.2
64798,Ohio,2020-07-04,35422,10.91
64799,Ohio,2020-07-11,30138,10.45
64800,Ohio,2020-07-18,27937,9.92
64801,Ohio,2020-07-25,25952,9.38
66567,Oklahoma,2020-01-04,2034,1.04
66568,Oklahoma,2020-01-11,1981,1.05
66569,Oklahoma,2020-01-18,1830,1.06
66570,Oklahoma,2020-01-25,1779,1.07
66571,Oklahoma,2020-02-01,1715,1.08
66572,Oklahoma,2020-02-08,1633,1.1
66573,Oklahoma,2020-02-15,1509,1.1
66574,Oklahoma,2020-02-22,1458,1.11
66575,Oklahoma,2020-02-29,1569,1.1
66576,Oklahoma,2020-03-07,1836,1.1
66577,Oklahoma,2020-03-14,21926,1.11
66578,Oklahoma,2020-03-21,47744,1.15
66579,Oklahoma,2020-03-28,60534,1.33
66580,Oklahoma,2020-04-04,54481,1.67
66581,Oklahoma,2020-04-11,46696,2.13
66582,Oklahoma,2020-04-18,52500,2.71
66583,Oklahoma,2020-04-25,93885,3.38
66584,Oklahoma,2020-05-02,39079,4.16
66585,Oklahoma,2020-05-09,33440,4.74
66586,Oklahoma,2020-05-16,43714,5.34
66587,Oklahoma,2020-05-23,60376,6.1
66588,Oklahoma,2020-05-30,77525,6.79
66589,Oklahoma,2020-06-06,84779,7.56
66590,Oklahoma,2020-06-13,58613,8.37
66591,Oklahoma,2020-06-20,18405,9.05
66592,Oklahoma,2020-06-27,9423,9.43
66593,Oklahoma,2020-07-04,9680,9.63
66594,Oklahoma,2020-07-11,9879,9.7
66595,Oklahoma,2020-07-18,8927,9.67
66596,Oklahoma,2020-07-25,6609,9.51
68366,Oregon,2020-01-04,6201,1.4
68367,Oregon,2020-01-11,4043,1.44
68368,Oregon,2020-01-18,4424,1.48
68369,Oregon,2020-01-25,4837,1.51
68370,Oregon,2020-02-01,4934,1.55
68371,Oregon,2020-02-08,4277,1.58
68372,Oregon,2020-02-15,3512,1.6
68373,Oregon,2020-02-22,3918,1.62
68374,Oregon,2020-02-29,4127,1.62
68375,Oregon,2020-03-07,4256,1.63
68376,Oregon,2020-03-14,30040,1.64
68377,Oregon,2020-03-21,47356,1.77
68378,Oregon,2020-03-28,62650,2.14
68379,Oregon,2020-04-04,54312,2.69
68380,Oregon,2020-04-11,36981,3.44
68381,Oregon,2020-04-18,49051,4.45
68382,Oregon,2020-04-25,47729,5.56
68383,Oregon,2020-05-02,33494,6.68
68384,Oregon,2020-05-09,23321,7.72
68385,Oregon,2020-05-16,28218,8.78
68386,Oregon,2020-05-23,20388,9.69
68387,Oregon,2020-05-30,24272,10.68
68388,Oregon,2020-06-06,24302,11.57
68389,Oregon,2020-06-13,15874,12.35
68390,Oregon,2020-06-20,10393,12.95
68391,Oregon,2020-06-27,9802,13.29
68392,Oregon,2020-07-04,10984,13.36
68393,Oregon,2020-07-11,9274,13.28
68394,Oregon,2020-07-18,8401,12.9
68395,Oregon,2020-07-25,6363,12.42
70165,Pennsylvania,2020-01-04,26356,1.61
70166,Pennsylvania,2020-01-11,16217,1.9
70167,Pennsylvania,2020-01-18,13359,1.97
70168,Pennsylvania,2020-01-25,15893,2.04
70169,Pennsylvania,2020-02-01,14401,2.11
70170,Pennsylvania,2020-02-08,13566,2.18
70171,Pennsylvania,2020-02-15,12625,2.24
70172,Pennsylvania,2020-02-22,12043,2.29
70173,Pennsylvania,2020-02-29,12224,2.34
70174,Pennsylvania,2020-03-07,15431,2.35
70175,Pennsylvania,2020-03-14,362999,2.36
70176,Pennsylvania,2020-03-21,374052,2.39
70177,Pennsylvania,2020-03-28,239077,2.96
70178,Pennsylvania,2020-04-04,172730,3.55
70179,Pennsylvania,2020-04-11,124546,4.78
70180,Pennsylvania,2020-04-18,82347,5.8
70181,Pennsylvania,2020-04-25,58207,7.26
70182,Pennsylvania,2020-05-02,50247,8.46
70183,Pennsylvania,2020-05-09,41582,9.61
70184,Pennsylvania,2020-05-16,55285,10.62
70185,Pennsylvania,2020-05-23,42198,11.79
70186,Pennsylvania,2020-05-30,44992,12.73
70187,Pennsylvania,2020-06-06,44270,13.77
70188,Pennsylvania,2020-06-13,42551,14.59
70189,Pennsylvania,2020-06-20,45170,15.48
70190,Pennsylvania,2020-06-27,44053,15.6
70191,Pennsylvania,2020-07-04,44762,15.83
70192,Pennsylvania,2020-07-11,37946,15.3
70193,Pennsylvania,2020-07-18,35787,15.08
70194,Pennsylvania,2020-07-25,29274,14.29
71961,Puerto Rico,2020-01-04,836,1.97
71962,Puerto Rico,2020-01-11,3124,2.01
71963,Puerto Rico,2020-01-18,2335,2.06
71964,Puerto Rico,2020-01-25,1998,2.12
71965,Puerto Rico,2020-02-01,1770,2.17
71966,Puerto Rico,2020-02-08,1588,2.2
71967,Puerto Rico,2020-02-15,1390,2.23
71968,Puerto Rico,2020-02-22,1296,2.25
71969,Puerto Rico,2020-02-29,1343,2.26
71970,Puerto Rico,2020-03-07,1172,2.27
71971,Puerto Rico,2020-03-14,20148,2.27
71972,Puerto Rico,2020-03-21,45394,2.32
71973,Puerto Rico,2020-03-28,66555,2.62
71974,Puerto Rico,2020-04-04,42074,3.24
71975,Puerto Rico,2020-04-11,26481,4.03
71976,Puerto Rico,2020-04-18,17286,5.2
71977,Puerto Rico,2020-04-25,21886,6.29
71978,Puerto Rico,2020-05-02,15067,7.56
71979,Puerto Rico,2020-05-09,10923,8.74
71980,Puerto Rico,2020-05-16,13521,10.3
71981,Puerto Rico,2020-05-23,7236,11.58
71982,Puerto Rico,2020-05-30,8820,13.04
71983,Puerto Rico,2020-06-06,8097,14.45
71984,Puerto Rico,2020-06-13,9160,16.08
71985,Puerto Rico,2020-06-20,10228,17.87
71986,Puerto Rico,2020-06-27,11257,19.48
71987,Puerto Rico,2020-07-04,7945,20.62
71988,Puerto Rico,2020-07-11,7017,21.53
71989,Puerto Rico,2020-07-18,6715,21.96
71990,Puerto Rico,2020-07-25,2253,22.14
73759,Rhode Island,2020-01-04,1814,1.52
73760,Rhode Island,2020-01-11,1188,1.61
73761,Rhode Island,2020-01-18,1048,1.7
73762,Rhode Island,2020-01-25,971,1.79
73763,Rhode Island,2020-02-01,956,1.88
73764,Rhode Island,2020-02-08,961,1.97
73765,Rhode Island,2020-02-15,1920,2.06
73766,Rhode Island,2020-02-22,831,2.16
73767,Rhode Island,2020-02-29,692,2.23
73768,Rhode Island,2020-03-07,1104,2.29
73769,Rhode Island,2020-03-14,35845,2.34
73770,Rhode Island,2020-03-21,27788,2.72
73771,Rhode Island,2020-03-28,28237,3.43
73772,Rhode Island,2020-04-04,22491,4.38
73773,Rhode Island,2020-04-11,18060,5.49
73774,Rhode Island,2020-04-18,13068,6.88
73775,Rhode Island,2020-04-25,9067,8.29
73776,Rhode Island,2020-05-02,6237,9.64
73777,Rhode Island,2020-05-09,3857,10.91
73778,Rhode Island,2020-05-16,2918,12.15
73779,Rhode Island,2020-05-23,2731,13.23
73780,Rhode Island,2020-05-30,3501,14.3
73781,Rhode Island,2020-06-06,2597,15.31
73782,Rhode Island,2020-06-13,3440,16.26
73783,Rhode Island,2020-06-20,3098,16.83
73784,Rhode Island,2020-06-27,3302,17.0
73785,Rhode Island,2020-07-04,2972,16.88
73786,Rhode Island,2020-07-11,3185,16.62
73787,Rhode Island,2020-07-18,3587,16.08
73788,Rhode Island,2020-07-25,3650,15.48
75558,South Carolina,2020-01-04,4629,0.72
75559,South Carolina,2020-01-11,3126,0.74
75560,South Carolina,2020-01-18,2248,0.76
75561,South Carolina,2020-01-25,2099,0.77
75562,South Carolina,2020-02-01,2054,0.78
75563,South Carolina,2020-02-08,2088,0.79
75564,South Carolina,2020-02-15,1824,0.8
75565,South Carolina,2020-02-22,1977,0.81
75566,South Carolina,2020-02-29,1889,0.81
75567,South Carolina,2020-03-07,2093,0.81
75568,South Carolina,2020-03-14,31826,0.81
75569,South Carolina,2020-03-21,66475,0.86
75570,South Carolina,2020-03-28,86573,1.07
75571,South Carolina,2020-04-04,89147,1.46
75572,South Carolina,2020-04-11,74362,2.05
75573,South Carolina,2020-04-18,66438,2.87
75574,South Carolina,2020-04-25,47673,3.77
75575,South Carolina,2020-05-02,33191,4.7
75576,South Carolina,2020-05-09,29899,5.59
75577,South Carolina,2020-05-16,25380,6.42
75578,South Carolina,2020-05-23,18910,7.15
75579,South Carolina,2020-05-30,23188,7.88
75580,South Carolina,2020-06-06,19853,8.56
75581,South Carolina,2020-06-13,17611,9.24
75582,South Carolina,2020-06-20,17654,9.85
75583,South Carolina,2020-06-27,16015,10.26
75584,South Carolina,2020-07-04,19272,10.51
75585,South Carolina,2020-07-11,14307,10.58
75586,South Carolina,2020-07-18,12195,10.42
75587,South Carolina,2020-07-25,8909,10.17
77377,South Dakota,2020-01-04,468,0.39
77378,South Dakota,2020-01-11,338,0.43
77379,South Dakota,2020-01-18,291,0.47
77380,South Dakota,2020-01-25,217,0.52
77381,South Dakota,2020-02-01,223,0.56
77382,South Dakota,2020-02-08,194,0.59
77383,South Dakota,2020-02-15,191,0.63
77384,South Dakota,2020-02-22,159,0.66
77385,South Dakota,2020-02-29,185,0.69
77386,South Dakota,2020-03-07,190,0.7
77387,South Dakota,2020-03-14,1761,0.71
77388,South Dakota,2020-03-21,6801,0.73
77389,South Dakota,2020-03-28,8138,0.82
77390,South Dakota,2020-04-04,6359,1.02
77391,South Dakota,2020-04-11,5295,1.33
77392,South Dakota,2020-04-18,5535,1.69
77393,South Dakota,2020-04-25,3929,2.07
77394,South Dakota,2020-05-02,5269,2.45
77395,South Dakota,2020-05-09,3891,2.85
77396,South Dakota,2020-05-16,3471,3.21
77397,South Dakota,2020-05-23,1498,3.51
77398,South Dakota,2020-05-30,880,3.83
77399,South Dakota,2020-06-06,1065,4.12
77400,South Dakota,2020-06-13,910,4.39
77401,South Dakota,2020-06-20,644,4.64
77402,South Dakota,2020-06-27,835,4.79
77403,South Dakota,2020-07-04,1216,4.86
77404,South Dakota,2020-07-11,772,4.81
77405,South Dakota,2020-07-18,808,4.68
77406,South Dakota,2020-07-25,775,4.52
79175,Tennessee,2020-01-04,3711,0.53
79176,Tennessee,2020-01-11,3093,0.49
79177,Tennessee,2020-01-18,2484,0.49
79178,Tennessee,2020-01-25,2362,0.55
79179,Tennessee,2020-02-01,2161,0.56
79180,Tennessee,2020-02-08,2140,0.57
79181,Tennessee,2020-02-15,1855,0.58
79182,Tennessee,2020-02-22,2014,0.59
79183,Tennessee,2020-02-29,2032,0.55
79184,Tennessee,2020-03-07,2702,0.56
79185,Tennessee,2020-03-14,38077,0.61
79186,Tennessee,2020-03-21,92500,0.57
79187,Tennessee,2020-03-28,112186,0.61
79188,Tennessee,2020-04-04,71887,1.31
79189,Tennessee,2020-04-11,67226,1.92
79190,Tennessee,2020-04-18,42805,2.67
79191,Tennessee,2020-04-25,36323,3.42
79192,Tennessee,2020-05-02,28377,4.17
79193,Tennessee,2020-05-09,27990,4.89
79194,Tennessee,2020-05-16,25439,5.63
79195,Tennessee,2020-05-23,22255,6.31
79196,Tennessee,2020-05-30,20908,7.02
79197,Tennessee,2020-06-06,19413,7.66
79198,Tennessee,2020-06-13,20506,8.28
79199,Tennessee,2020-06-20,21544,8.86
79200,Tennessee,2020-06-27,24920,9.22
79201,Tennessee,2020-07-04,22060,9.27
79202,Tennessee,2020-07-11,25773,9.23
79203,Tennessee,2020-07-18,20091,9.02
79204,Tennessee,2020-07-25,12208,8.79
80975,Texas,2020-01-04,21735,1.0
80976,Texas,2020-01-11,15548,1.02
80977,Texas,2020-01-18,12900,1.03
80978,Texas,2020-01-25,13733,1.05
80979,Texas,2020-02-01,13785,1.06
80980,Texas,2020-02-08,12703,1.07
80981,Texas,2020-02-15,11985,1.07
80982,Texas,2020-02-22,12648,1.09
80983,Texas,2020-02-29,14323,1.08
80984,Texas,2020-03-07,16006,1.08
80985,Texas,2020-03-14,155191,1.08
80986,Texas,2020-03-21,275659,1.09
80987,Texas,2020-03-28,313945,1.24
80988,Texas,2020-04-04,272564,1.54
80989,Texas,2020-04-11,278417,2.02
80990,Texas,2020-04-18,251291,2.54
80991,Texas,2020-04-25,241599,3.16
80992,Texas,2020-05-02,139225,3.82
80993,Texas,2020-05-09,131703,4.55
80994,Texas,2020-05-16,125633,5.26
80995,Texas,2020-05-23,104683,6.06
80996,Texas,2020-05-30,87985,6.74
80997,Texas,2020-06-06,92477,7.47
80998,Texas,2020-06-13,87448,8.15
80999,Texas,2020-06-20,94797,8.88
81000,Texas,2020-06-27,115574,9.42
81001,Texas,2020-07-04,104471,9.79
81002,Texas,2020-07-11,86521,10.0
81003,Texas,2020-07-18,75901,10.23
81004,Texas,2020-07-25,61723,10.29
82794,Utah,2020-01-04,1834,0.57
82795,Utah,2020-01-11,1458,0.61
82796,Utah,2020-01-18,1271,0.64
82797,Utah,2020-01-25,1290,0.67
82798,Utah,2020-02-01,1303,0.7
82799,Utah,2020-02-08,1097,0.73
82800,Utah,2020-02-15,1008,0.75
82801,Utah,2020-02-22,885,0.77
82802,Utah,2020-02-29,1015,0.79
82803,Utah,2020-03-07,1305,0.8
82804,Utah,2020-03-14,19690,0.8
82805,Utah,2020-03-21,28532,0.87
82806,Utah,2020-03-28,33040,1.05
82807,Utah,2020-04-04,24515,1.37
82808,Utah,2020-04-11,19649,1.77
82809,Utah,2020-04-18,11738,2.14
82810,Utah,2020-04-25,8992,2.56
82811,Utah,2020-05-02,7076,2.98
82812,Utah,2020-05-09,6228,3.37
82813,Utah,2020-05-16,5405,3.74
82814,Utah,2020-05-23,4948,4.09
82815,Utah,2020-05-30,5382,4.44
82816,Utah,2020-06-06,4803,4.78
82817,Utah,2020-06-13,4915,5.11
82818,Utah,2020-06-20,4965,5.35
82819,Utah,2020-06-27,4802,5.49
82820,Utah,2020-07-04,4792,5.44
82821,Utah,2020-07-11,4483,5.33
82822,Utah,2020-07-18,3709,5.21
82823,Utah,2020-07-25,3098,5.06
84593,Virginia,2020-01-04,3643,0.5
84594,Virginia,2020-01-11,2831,0.51
84595,Virginia,2020-01-18,3059,0.52
84596,Virginia,2020-01-25,2575,0.53
84597,Virginia,2020-02-01,3097,0.54
84598,Virginia,2020-02-08,2693,0.55
84599,Virginia,2020-02-15,2079,0.56
84600,Virginia,2020-02-22,3267,0.57
84601,Virginia,2020-02-29,2527,0.58
84602,Virginia,2020-03-07,2706,0.58
84603,Virginia,2020-03-14,46277,0.55
84604,Virginia,2020-03-21,112497,0.63
84605,Virginia,2020-03-28,147369,0.86
84606,Virginia,2020-04-04,104619,1.3
84607,Virginia,2020-04-11,82729,1.86
84608,Virginia,2020-04-18,72488,2.52
84609,Virginia,2020-04-25,59631,3.25
84610,Virginia,2020-05-02,52139,4.01
84611,Virginia,2020-05-09,44699,4.8
84612,Virginia,2020-05-16,39242,5.58
84613,Virginia,2020-05-23,31379,6.35
84614,Virginia,2020-05-30,29231,7.12
84615,Virginia,2020-06-06,27186,7.87
84616,Virginia,2020-06-13,25293,8.6
84617,Virginia,2020-06-20,31955,9.27
84618,Virginia,2020-06-27,31825,9.77
84619,Virginia,2020-07-04,32292,10.02
84620,Virginia,2020-07-11,37946,10.14
84621,Virginia,2020-07-18,42966,10.15
84622,Virginia,2020-07-25,23918,10.06
86392,Virgin Islands,2020-01-04,24,1.23
86393,Virgin Islands,2020-01-11,40,1.25
86394,Virgin Islands,2020-01-18,44,1.26
86395,Virgin Islands,2020-01-25,35,1.27
86396,Virgin Islands,2020-02-01,45,1.27
86397,Virgin Islands,2020-02-08,40,1.29
86398,Virgin Islands,2020-02-15,55,1.3
86399,Virgin Islands,2020-02-22,37,1.34
86400,Virgin Islands,2020-02-29,64,1.42
86401,Virgin Islands,2020-03-07,44,1.53
86402,Virgin Islands,2020-03-14,123,1.51
86403,Virgin Islands,2020-03-21,250,1.57
86404,Virgin Islands,2020-03-28,72,1.61
86405,Virgin Islands,2020-04-04,6,1.61
86406,Virgin Islands,2020-04-11,13,1.78
86407,Virgin Islands,2020-04-18,103,1.97
86408,Virgin Islands,2020-04-25,45,2.27
86409,Virgin Islands,2020-05-02,70,2.77
86410,Virgin Islands,2020-05-09,66,3.43
86411,Virgin Islands,2020-05-16,47,4.31
86412,Virgin Islands,2020-05-23,32,5.19
86413,Virgin Islands,2020-05-30,32,6.27
86414,Virgin Islands,2020-06-06,53,7.39
86415,Virgin Islands,2020-06-13,63,8.63
86416,Virgin Islands,2020-06-20,57,9.86
86417,Virgin Islands,2020-06-27,38,10.73
86418,Virgin Islands,2020-07-04,70,11.37
86419,Virgin Islands,2020-07-11,110,12.21
86420,Virgin Islands,2020-07-18,48,12.92
86421,Virgin Islands,2020-07-25,20,13.26
88187,Vermont,2020-01-04,649,1.08
88188,Vermont,2020-01-11,755,1.16
88189,Vermont,2020-01-18,518,1.24
88190,Vermont,2020-01-25,481,1.31
88191,Vermont,2020-02-01,475,1.38
88192,Vermont,2020-02-08,543,1.43
88193,Vermont,2020-02-15,610,1.48
88194,Vermont,2020-02-22,863,1.53
88195,Vermont,2020-02-29,446,1.56
88196,Vermont,2020-03-07,659,1.6
88197,Vermont,2020-03-14,3784,1.63
88198,Vermont,2020-03-21,14633,1.88
88199,Vermont,2020-03-28,16474,2.3
88200,Vermont,2020-04-04,9662,2.95
88201,Vermont,2020-04-11,6598,4.45
88202,Vermont,2020-04-18,5117,6.27
88203,Vermont,2020-04-25,3875,7.67
88204,Vermont,2020-05-02,2913,9.0
88205,Vermont,2020-05-09,2199,10.27
88206,Vermont,2020-05-16,1552,11.42
88207,Vermont,2020-05-23,1465,12.47
88208,Vermont,2020-05-30,1650,13.48
88209,Vermont,2020-06-06,1859,14.46
88210,Vermont,2020-06-13,1389,15.42
88211,Vermont,2020-06-20,2163,16.14
88212,Vermont,2020-06-27,1876,16.58
88213,Vermont,2020-07-04,1830,16.76
88214,Vermont,2020-07-11,1637,16.11
88215,Vermont,2020-07-18,1519,15.13
88216,Vermont,2020-07-25,1260,14.5
89986,Washington,2020-01-04,8950,1.63
89987,Washington,2020-01-11,8974,1.69
89988,Washington,2020-01-18,7928,1.74
89989,Washington,2020-01-25,6527,1.79
89990,Washington,2020-02-01,7062,1.83
89991,Washington,2020-02-08,6203,1.86
89992,Washington,2020-02-15,5507,1.88
89993,Washington,2020-02-22,5687,1.9
89994,Washington,2020-02-29,6548,1.89
89995,Washington,2020-03-07,14154,1.88
89996,Washington,2020-03-14,128962,1.89
89997,Washington,2020-03-21,181975,2.11
89998,Washington,2020-03-28,170063,2.66
89999,Washington,2020-04-04,143241,3.5
90000,Washington,2020-04-11,82435,4.58
90001,Washington,2020-04-18,137604,5.74
90002,Washington,2020-04-25,100762,6.98
90003,Washington,2020-05-02,109425,8.53
90004,Washington,2020-05-09,138733,10.79
90005,Washington,2020-05-16,48445,12.01
90006,Washington,2020-05-23,31224,12.98
90007,Washington,2020-05-30,29713,13.85
90008,Washington,2020-06-06,29028,14.67
90009,Washington,2020-06-13,29612,15.49
90010,Washington,2020-06-20,31911,16.08
90011,Washington,2020-06-27,28393,16.24
90012,Washington,2020-07-04,40466,15.96
90013,Washington,2020-07-11,29348,15.6
90014,Washington,2020-07-18,28840,15.11
90015,Washington,2020-07-25,24985,14.52
91784,Wisconsin,2020-01-04,8255,1.08
91785,Wisconsin,2020-01-11,6388,1.15
91786,Wisconsin,2020-01-18,6134,1.22
91787,Wisconsin,2020-01-25,6280,1.29
91788,Wisconsin,2020-02-01,6579,1.35
91789,Wisconsin,2020-02-08,5808,1.4
91790,Wisconsin,2020-02-15,6098,1.45
91791,Wisconsin,2020-02-22,5658,1.49
91792,Wisconsin,2020-02-29,5052,1.51
91793,Wisconsin,2020-03-07,5188,1.53
91794,Wisconsin,2020-03-14,51023,1.55
91795,Wisconsin,2020-03-21,110928,1.72
91796,Wisconsin,2020-03-28,104805,2.15
91797,Wisconsin,2020-04-04,69983,2.71
91798,Wisconsin,2020-04-11,55874,3.39
91799,Wisconsin,2020-04-18,49943,4.14
91800,Wisconsin,2020-04-25,37701,4.87
91801,Wisconsin,2020-05-02,38460,5.59
91802,Wisconsin,2020-05-09,30999,6.3
91803,Wisconsin,2020-05-16,28130,6.97
91804,Wisconsin,2020-05-23,24225,7.57
91805,Wisconsin,2020-05-30,24835,8.14
91806,Wisconsin,2020-06-06,25112,8.67
91807,Wisconsin,2020-06-13,24993,9.15
91808,Wisconsin,2020-06-20,24689,9.47
91809,Wisconsin,2020-06-27,27195,9.49
91810,Wisconsin,2020-07-04,28757,9.38
91811,Wisconsin,2020-07-11,24858,9.15
91812,Wisconsin,2020-07-18,22832,8.85
91813,Wisconsin,2020-07-25,19061,8.56
93583,West Virginia,2020-01-04,2638,1.86
93584,West Virginia,2020-01-11,1895,1.94
93585,West Virginia,2020-01-18,1290,2.03
93586,West Virginia,2020-01-25,1364,2.11
93587,West Virginia,2020-02-01,1206,2.18
93588,West Virginia,2020-02-08,1172,2.25
93589,West Virginia,2020-02-15,1207,2.32
93590,West Virginia,2020-02-22,1108,2.38
93591,West Virginia,2020-02-29,1033,2.41
93592,West Virginia,2020-03-07,865,2.42
93593,West Virginia,2020-03-14,3536,2.42
93594,West Virginia,2020-03-21,14523,2.5
93595,West Virginia,2020-03-28,14494,2.74
93596,West Virginia,2020-04-04,14944,3.1
93597,West Virginia,2020-04-11,46755,4.02
93598,West Virginia,2020-04-18,29818,5.52
93599,West Virginia,2020-04-25,13227,6.59
93600,West Virginia,2020-05-02,6045,7.64
93601,West Virginia,2020-05-09,5026,8.58
93602,West Virginia,2020-05-16,4904,9.45
93603,West Virginia,2020-05-23,4685,10.23
93604,West Virginia,2020-05-30,4413,11.01
93605,West Virginia,2020-06-06,4327,11.7
93606,West Virginia,2020-06-13,3756,12.34
93607,West Virginia,2020-06-20,3532,12.9
93608,West Virginia,2020-06-27,3330,13.23
93609,West Virginia,2020-07-04,4070,13.48
93610,West Virginia,2020-07-11,3758,13.13
93611,West Virginia,2020-07-18,3123,12.18
93612,West Virginia,2020-07-25,2506,11.63
95401,Wyoming,2020-01-04,829,0.87
95402,Wyoming,2020-01-11,636,0.93
95403,Wyoming,2020-01-18,531,0.98
95404,Wyoming,2020-01-25,529,1.03
95405,Wyoming,2020-02-01,589,1.08
95406,Wyoming,2020-02-08,598,1.12
95407,Wyoming,2020-02-15,389,1.16
95408,Wyoming,2020-02-22,471,1.19
95409,Wyoming,2020-02-29,534,1.21
95410,Wyoming,2020-03-07,517,1.23
95411,Wyoming,2020-03-14,3653,1.25
95412,Wyoming,2020-03-21,6396,1.3
95413,Wyoming,2020-03-28,6543,1.43
95414,Wyoming,2020-04-04,5794,1.65
95415,Wyoming,2020-04-11,4381,1.96
95416,Wyoming,2020-04-18,3497,2.34
95417,Wyoming,2020-04-25,2854,2.74
95418,Wyoming,2020-05-02,3297,3.15
95419,Wyoming,2020-05-09,2303,3.54
95420,Wyoming,2020-05-16,2800,3.94
95421,Wyoming,2020-05-23,2421,4.29
95422,Wyoming,2020-05-30,2013,4.63
95423,Wyoming,2020-06-06,1539,4.97
95424,Wyoming,2020-06-13,1402,5.31
95425,Wyoming,2020-06-20,1418,5.6
95426,Wyoming,2020-06-27,1338,5.77
95427,Wyoming,2020-07-04,1485,5.85
95428,Wyoming,2020-07-11,2664,5.83
95429,Wyoming,2020-07-18,1600,5.73
95430,Wyoming,2020-07-25,1130,5.6
